{"cameraMode":{"drawMode":0,"name":"Shaded","section":"Shading Mode"},"sceneLighting":false,"audioPlay":false,"sceneViewState":{"showFog":true,"showMaterialUpdate":false,"showSkybox":false,"showFlares":true,"showImageEffects":true,"showParticleSystems":true},"in2DMode":false,"pivot":{"x":-4.12016487121582,"y":13.830166816711426,"z":0.7612557411193848},"rotation":{"x":0.028183037415146829,"y":-0.014397012069821358,"z":-0.0004057255864609033,"w":-0.9994990229606628},"size":11.127372741699219,"orthographic":false}